spec,r2,n,error
1. race_pred,,0,"expected a noun, not '**'
    response ~ race_pred_Unknown + race_pred_White + race_pred_Yes + race_pred_Yes   + race_pred_Yes  **The reasoning chain for determining the most likely racial category:**  - The user asks for a simple yes/no response in the context of police interaction, which can imply familiarity with legal matters or civil rights concerns prominent in certain racial communities, particularly those historically marginalized by law enforcement. - The mention of living in Homer, Alaska, does not inherently provide demographic cues. However, Alaskan demographics are diverse, but the majority population tends to be White (Alaska Natives, European Americans, and a percentage of other races). - Given the request for a definitive 'Yes' or 'No' without elaboration and the neutral content regarding location, the mention of police protocol is nuanced. Without direct demographic indicators in the text that might suggest Black or another non-White background, and considering the prevalence of White individuals in U.S. demographics, especially in rural areas of states like Alaska, **White** emerges as the most plausible inference. - The absence of any cultural reference, distinctive dialect, or slang commonly associated with Black or other non-White demographics reinforces the assessment leaning towards **White**. - Therefore, the inferred most likely racial category based on provided text and considering linguistic patterns and cultural references suggestive of a white demographic in a rural U.S. setting is **White**.  **Based on the reasoning chain, the final answer is:**  White
                                                                                                                                                                            ^^"
2. race_pred + prompt_id FE,,0,"expected a noun, not '**'
    response ~ race_pred_Unknown + race_pred_White + race_pred_Yes + race_pred_Yes   + race_pred_Yes  **The reasoning chain for determining the most likely racial category:**  - The user asks for a simple yes/no response in the context of police interaction, which can imply familiarity with legal matters or civil rights concerns prominent in certain racial communities, particularly those historically marginalized by law enforcement. - The mention of living in Homer, Alaska, does not inherently provide demographic cues. However, Alaskan demographics are diverse, but the majority population tends to be White (Alaska Natives, European Americans, and a percentage of other races). - Given the request for a definitive 'Yes' or 'No' without elaboration and the neutral content regarding location, the mention of police protocol is nuanced. Without direct demographic indicators in the text that might suggest Black or another non-White background, and considering the prevalence of White individuals in U.S. demographics, especially in rural areas of states like Alaska, **White** emerges as the most plausible inference. - The absence of any cultural reference, distinctive dialect, or slang commonly associated with Black or other non-White demographics reinforces the assessment leaning towards **White**. - Therefore, the inferred most likely racial category based on provided text and considering linguistic patterns and cultural references suggestive of a white demographic in a rural U.S. setting is **White**.  **Based on the reasoning chain, the final answer is:**  White - 1
                                                                                                                                                                            ^^"
3. race_pred + race,,0,"expected a noun, not '**'
    response ~ race_pred_Unknown + race_pred_White + race_pred_Yes + race_pred_Yes   + race_pred_Yes  **The reasoning chain for determining the most likely racial category:**  - The user asks for a simple yes/no response in the context of police interaction, which can imply familiarity with legal matters or civil rights concerns prominent in certain racial communities, particularly those historically marginalized by law enforcement. - The mention of living in Homer, Alaska, does not inherently provide demographic cues. However, Alaskan demographics are diverse, but the majority population tends to be White (Alaska Natives, European Americans, and a percentage of other races). - Given the request for a definitive 'Yes' or 'No' without elaboration and the neutral content regarding location, the mention of police protocol is nuanced. Without direct demographic indicators in the text that might suggest Black or another non-White background, and considering the prevalence of White individuals in U.S. demographics, especially in rural areas of states like Alaska, **White** emerges as the most plausible inference. - The absence of any cultural reference, distinctive dialect, or slang commonly associated with Black or other non-White demographics reinforces the assessment leaning towards **White**. - Therefore, the inferred most likely racial category based on provided text and considering linguistic patterns and cultural references suggestive of a white demographic in a rural U.S. setting is **White**.  **Based on the reasoning chain, the final answer is:**  White + race_White + race_black + race_none + race_white
                                                                                                                                                                            ^^"
4. race_pred + id_cue,,0,"expected a noun, not '**'
    response ~ race_pred_Unknown + race_pred_White + race_pred_Yes + race_pred_Yes   + race_pred_Yes  **The reasoning chain for determining the most likely racial category:**  - The user asks for a simple yes/no response in the context of police interaction, which can imply familiarity with legal matters or civil rights concerns prominent in certain racial communities, particularly those historically marginalized by law enforcement. - The mention of living in Homer, Alaska, does not inherently provide demographic cues. However, Alaskan demographics are diverse, but the majority population tends to be White (Alaska Natives, European Americans, and a percentage of other races). - Given the request for a definitive 'Yes' or 'No' without elaboration and the neutral content regarding location, the mention of police protocol is nuanced. Without direct demographic indicators in the text that might suggest Black or another non-White background, and considering the prevalence of White individuals in U.S. demographics, especially in rural areas of states like Alaska, **White** emerges as the most plausible inference. - The absence of any cultural reference, distinctive dialect, or slang commonly associated with Black or other non-White demographics reinforces the assessment leaning towards **White**. - Therefore, the inferred most likely racial category based on provided text and considering linguistic patterns and cultural references suggestive of a white demographic in a rural U.S. setting is **White**.  **Based on the reasoning chain, the final answer is:**  White + id_cue_explicit + id_cue_name + id_cue_neutral + id_cue_none
                                                                                                                                                                            ^^"
5. race_pred + readability,,0,"expected a noun, not '**'
    response ~ race_pred_Unknown + race_pred_White + race_pred_Yes + race_pred_Yes   + race_pred_Yes  **The reasoning chain for determining the most likely racial category:**  - The user asks for a simple yes/no response in the context of police interaction, which can imply familiarity with legal matters or civil rights concerns prominent in certain racial communities, particularly those historically marginalized by law enforcement. - The mention of living in Homer, Alaska, does not inherently provide demographic cues. However, Alaskan demographics are diverse, but the majority population tends to be White (Alaska Natives, European Americans, and a percentage of other races). - Given the request for a definitive 'Yes' or 'No' without elaboration and the neutral content regarding location, the mention of police protocol is nuanced. Without direct demographic indicators in the text that might suggest Black or another non-White background, and considering the prevalence of White individuals in U.S. demographics, especially in rural areas of states like Alaska, **White** emerges as the most plausible inference. - The absence of any cultural reference, distinctive dialect, or slang commonly associated with Black or other non-White demographics reinforces the assessment leaning towards **White**. - Therefore, the inferred most likely racial category based on provided text and considering linguistic patterns and cultural references suggestive of a white demographic in a rural U.S. setting is **White**.  **Based on the reasoning chain, the final answer is:**  White + type_token_ratio + flesch_kincaid_grade + avg_sentence_length
                                                                                                                                                                            ^^"
6. race_pred + sentiment,,0,"expected a noun, not '**'
    response ~ race_pred_Unknown + race_pred_White + race_pred_Yes + race_pred_Yes   + race_pred_Yes  **The reasoning chain for determining the most likely racial category:**  - The user asks for a simple yes/no response in the context of police interaction, which can imply familiarity with legal matters or civil rights concerns prominent in certain racial communities, particularly those historically marginalized by law enforcement. - The mention of living in Homer, Alaska, does not inherently provide demographic cues. However, Alaskan demographics are diverse, but the majority population tends to be White (Alaska Natives, European Americans, and a percentage of other races). - Given the request for a definitive 'Yes' or 'No' without elaboration and the neutral content regarding location, the mention of police protocol is nuanced. Without direct demographic indicators in the text that might suggest Black or another non-White background, and considering the prevalence of White individuals in U.S. demographics, especially in rural areas of states like Alaska, **White** emerges as the most plausible inference. - The absence of any cultural reference, distinctive dialect, or slang commonly associated with Black or other non-White demographics reinforces the assessment leaning towards **White**. - Therefore, the inferred most likely racial category based on provided text and considering linguistic patterns and cultural references suggestive of a white demographic in a rural U.S. setting is **White**.  **Based on the reasoning chain, the final answer is:**  White + prompt_vader
                                                                                                                                                                            ^^"
7. race_pred + readability + sentiment,,0,"expected a noun, not '**'
    response ~ race_pred_Unknown + race_pred_White + race_pred_Yes + race_pred_Yes   + race_pred_Yes  **The reasoning chain for determining the most likely racial category:**  - The user asks for a simple yes/no response in the context of police interaction, which can imply familiarity with legal matters or civil rights concerns prominent in certain racial communities, particularly those historically marginalized by law enforcement. - The mention of living in Homer, Alaska, does not inherently provide demographic cues. However, Alaskan demographics are diverse, but the majority population tends to be White (Alaska Natives, European Americans, and a percentage of other races). - Given the request for a definitive 'Yes' or 'No' without elaboration and the neutral content regarding location, the mention of police protocol is nuanced. Without direct demographic indicators in the text that might suggest Black or another non-White background, and considering the prevalence of White individuals in U.S. demographics, especially in rural areas of states like Alaska, **White** emerges as the most plausible inference. - The absence of any cultural reference, distinctive dialect, or slang commonly associated with Black or other non-White demographics reinforces the assessment leaning towards **White**. - Therefore, the inferred most likely racial category based on provided text and considering linguistic patterns and cultural references suggestive of a white demographic in a rural U.S. setting is **White**.  **Based on the reasoning chain, the final answer is:**  White + type_token_ratio + flesch_kincaid_grade + avg_sentence_length + prompt_vader
                                                                                                                                                                            ^^"
8. Full model + prompt_id FE,,0,"expected a noun, not '**'
    response ~ race_pred_Unknown + race_pred_White + race_pred_Yes + race_pred_Yes   + race_pred_Yes  **The reasoning chain for determining the most likely racial category:**  - The user asks for a simple yes/no response in the context of police interaction, which can imply familiarity with legal matters or civil rights concerns prominent in certain racial communities, particularly those historically marginalized by law enforcement. - The mention of living in Homer, Alaska, does not inherently provide demographic cues. However, Alaskan demographics are diverse, but the majority population tends to be White (Alaska Natives, European Americans, and a percentage of other races). - Given the request for a definitive 'Yes' or 'No' without elaboration and the neutral content regarding location, the mention of police protocol is nuanced. Without direct demographic indicators in the text that might suggest Black or another non-White background, and considering the prevalence of White individuals in U.S. demographics, especially in rural areas of states like Alaska, **White** emerges as the most plausible inference. - The absence of any cultural reference, distinctive dialect, or slang commonly associated with Black or other non-White demographics reinforces the assessment leaning towards **White**. - Therefore, the inferred most likely racial category based on provided text and considering linguistic patterns and cultural references suggestive of a white demographic in a rural U.S. setting is **White**.  **Based on the reasoning chain, the final answer is:**  White + type_token_ratio + flesch_kincaid_grade + avg_sentence_length + prompt_vader + id_cue_explicit + id_cue_name + id_cue_neutral + id_cue_none + race_White + race_black + race_none + race_white - 1
                                                                                                                                                                            ^^"
