model,seed,task,family,race,pair,r
llama3.1,0,medical_advice,name,black,name_specific_rosenman|name_specific_hayes_elder,0.9981767324710855
llama3.1,0,medical_advice,name,black,name_specific_rosenman|name_specific_tzioumis,0.9981597425535816
llama3.1,0,medical_advice,name,black,name_specific_hayes_elder|name_specific_tzioumis,0.9992421646294022
llama3.1,0,medical_advice,dialog,black,CAD|PRISM,0.9008552815030563
llama3.1,0,medical_advice,name,white,name_specific_rosenman|name_specific_hayes_elder,0.9965074687511741
llama3.1,0,medical_advice,name,white,name_specific_rosenman|name_specific_tzioumis,0.9977726341552364
llama3.1,0,medical_advice,name,white,name_specific_hayes_elder|name_specific_tzioumis,0.9955118499573626
llama3.1,0,medical_advice,dialog,white,CAD|PRISM,0.9273971318378542
llama3.1,0,legal_advice,name,black,name_specific_rosenman|name_specific_hayes_elder,0.967204365848155
llama3.1,0,legal_advice,name,black,name_specific_rosenman|name_specific_tzioumis,0.9596823043785198
llama3.1,0,legal_advice,name,black,name_specific_hayes_elder|name_specific_tzioumis,0.9976199325458891
llama3.1,0,legal_advice,dialog,black,CAD|PRISM,0.9115609348477931
llama3.1,0,legal_advice,name,white,name_specific_rosenman|name_specific_hayes_elder,0.9809095317615716
llama3.1,0,legal_advice,name,white,name_specific_rosenman|name_specific_tzioumis,0.9903556358864644
llama3.1,0,legal_advice,name,white,name_specific_hayes_elder|name_specific_tzioumis,0.9829884071988808
llama3.1,0,legal_advice,dialog,white,CAD|PRISM,0.9258627236210408
llama3.1,0,salary_rec,name,black,name_specific_rosenman|name_specific_hayes_elder,0.9913573857745818
llama3.1,0,salary_rec,name,black,name_specific_rosenman|name_specific_tzioumis,0.9868583196184426
llama3.1,0,salary_rec,name,black,name_specific_hayes_elder|name_specific_tzioumis,0.994545391496046
llama3.1,0,salary_rec,dialog,black,CAD|PRISM,0.9226298281307358
llama3.1,0,salary_rec,name,white,name_specific_rosenman|name_specific_hayes_elder,0.9798269917066985
llama3.1,0,salary_rec,name,white,name_specific_rosenman|name_specific_tzioumis,0.9930112517063219
llama3.1,0,salary_rec,name,white,name_specific_hayes_elder|name_specific_tzioumis,0.979648497184533
llama3.1,0,salary_rec,dialog,white,CAD|PRISM,0.9477585816804817
llama3.1,0,ALL,ALL,ALL,AGG,0.9718934620518711
llama3.1,1,medical_advice,name,black,name_specific_rosenman|name_specific_hayes_elder,0.9962328988798547
llama3.1,1,medical_advice,name,black,name_specific_rosenman|name_specific_tzioumis,0.9961686140427262
llama3.1,1,medical_advice,name,black,name_specific_hayes_elder|name_specific_tzioumis,0.9987541950692047
llama3.1,1,medical_advice,dialog,black,CAD|PRISM,0.8634748274402406
llama3.1,1,medical_advice,name,white,name_specific_rosenman|name_specific_hayes_elder,0.9931359700274189
llama3.1,1,medical_advice,name,white,name_specific_rosenman|name_specific_tzioumis,0.995978300383865
llama3.1,1,medical_advice,name,white,name_specific_hayes_elder|name_specific_tzioumis,0.9883860448168689
llama3.1,1,medical_advice,dialog,white,CAD|PRISM,0.9215848021455192
llama3.1,1,legal_advice,name,black,name_specific_rosenman|name_specific_hayes_elder,0.9819137800959387
llama3.1,1,legal_advice,name,black,name_specific_rosenman|name_specific_tzioumis,0.9829621166467135
llama3.1,1,legal_advice,name,black,name_specific_hayes_elder|name_specific_tzioumis,0.9980679742841063
llama3.1,1,legal_advice,dialog,black,CAD|PRISM,0.9629993932030358
llama3.1,1,legal_advice,name,white,name_specific_rosenman|name_specific_hayes_elder,0.986951479845979
llama3.1,1,legal_advice,name,white,name_specific_rosenman|name_specific_tzioumis,0.9962855992759247
llama3.1,1,legal_advice,name,white,name_specific_hayes_elder|name_specific_tzioumis,0.9886978109144153
llama3.1,1,legal_advice,dialog,white,CAD|PRISM,0.9641404351605964
llama3.1,1,salary_rec,name,black,name_specific_rosenman|name_specific_hayes_elder,0.9916034772602099
llama3.1,1,salary_rec,name,black,name_specific_rosenman|name_specific_tzioumis,0.9904690905145563
llama3.1,1,salary_rec,name,black,name_specific_hayes_elder|name_specific_tzioumis,0.9968971031093151
llama3.1,1,salary_rec,dialog,black,CAD|PRISM,0.9429000375816088
llama3.1,1,salary_rec,name,white,name_specific_rosenman|name_specific_hayes_elder,0.9853199895916431
llama3.1,1,salary_rec,name,white,name_specific_rosenman|name_specific_tzioumis,0.9923124284350202
llama3.1,1,salary_rec,name,white,name_specific_hayes_elder|name_specific_tzioumis,0.9868813771341834
llama3.1,1,salary_rec,dialog,white,CAD|PRISM,0.946902429385545
llama3.1,1,ALL,ALL,ALL,AGG,0.9770425073018538
llama3.1,2,medical_advice,name,black,name_specific_rosenman|name_specific_hayes_elder,0.9984838593894717
llama3.1,2,medical_advice,name,black,name_specific_rosenman|name_specific_tzioumis,0.9985069016723335
llama3.1,2,medical_advice,name,black,name_specific_hayes_elder|name_specific_tzioumis,0.9995365054174128
llama3.1,2,medical_advice,dialog,black,CAD|PRISM,0.9072820604144036
llama3.1,2,medical_advice,name,white,name_specific_rosenman|name_specific_hayes_elder,0.9980287743492031
llama3.1,2,medical_advice,name,white,name_specific_rosenman|name_specific_tzioumis,0.9990677385235852
llama3.1,2,medical_advice,name,white,name_specific_hayes_elder|name_specific_tzioumis,0.9973987883394623
llama3.1,2,medical_advice,dialog,white,CAD|PRISM,0.9247287680784351
llama3.1,2,legal_advice,name,black,name_specific_rosenman|name_specific_hayes_elder,0.9768437417159049
llama3.1,2,legal_advice,name,black,name_specific_rosenman|name_specific_tzioumis,0.9794397868207576
llama3.1,2,legal_advice,name,black,name_specific_hayes_elder|name_specific_tzioumis,0.9988751909142976
llama3.1,2,legal_advice,dialog,black,CAD|PRISM,0.8943393059098954
llama3.1,2,legal_advice,name,white,name_specific_rosenman|name_specific_hayes_elder,0.9850261023028777
llama3.1,2,legal_advice,name,white,name_specific_rosenman|name_specific_tzioumis,0.9945124064596007
llama3.1,2,legal_advice,name,white,name_specific_hayes_elder|name_specific_tzioumis,0.9960902297696917
llama3.1,2,legal_advice,dialog,white,CAD|PRISM,0.903480185218145
llama3.1,2,salary_rec,name,black,name_specific_rosenman|name_specific_hayes_elder,0.9880257613090281
llama3.1,2,salary_rec,name,black,name_specific_rosenman|name_specific_tzioumis,0.9875532875883432
llama3.1,2,salary_rec,name,black,name_specific_hayes_elder|name_specific_tzioumis,0.9963381015664835
llama3.1,2,salary_rec,dialog,black,CAD|PRISM,0.9414914514551433
llama3.1,2,salary_rec,name,white,name_specific_rosenman|name_specific_hayes_elder,0.9808218370848723
llama3.1,2,salary_rec,name,white,name_specific_rosenman|name_specific_tzioumis,0.9940358341815901
llama3.1,2,salary_rec,name,white,name_specific_hayes_elder|name_specific_tzioumis,0.9826615677932911
llama3.1,2,salary_rec,dialog,white,CAD|PRISM,0.9482079624831201
llama3.1,2,ALL,ALL,ALL,AGG,0.9737823395315562
olmo2,0,medical_advice,name,black,name_specific_rosenman|name_specific_hayes_elder,0.9946461710141645
olmo2,0,medical_advice,name,black,name_specific_rosenman|name_specific_tzioumis,0.996967749140037
olmo2,0,medical_advice,name,black,name_specific_hayes_elder|name_specific_tzioumis,0.9982148311496538
olmo2,0,medical_advice,dialog,black,CAD|PRISM,0.9871548013499724
olmo2,0,medical_advice,name,white,name_specific_rosenman|name_specific_hayes_elder,0.9927267524288544
olmo2,0,medical_advice,name,white,name_specific_rosenman|name_specific_tzioumis,0.9952284381907436
olmo2,0,medical_advice,name,white,name_specific_hayes_elder|name_specific_tzioumis,0.9950836759447628
olmo2,0,medical_advice,dialog,white,CAD|PRISM,0.988491002935483
olmo2,0,legal_advice,name,black,name_specific_rosenman|name_specific_hayes_elder,0.9962662436934515
olmo2,0,legal_advice,name,black,name_specific_rosenman|name_specific_tzioumis,0.9959540149561968
olmo2,0,legal_advice,name,black,name_specific_hayes_elder|name_specific_tzioumis,0.9988063610198906
olmo2,0,legal_advice,dialog,black,CAD|PRISM,0.9767542152399603
olmo2,0,legal_advice,name,white,name_specific_rosenman|name_specific_hayes_elder,0.9928091447802907
olmo2,0,legal_advice,name,white,name_specific_rosenman|name_specific_tzioumis,0.9978979921713442
olmo2,0,legal_advice,name,white,name_specific_hayes_elder|name_specific_tzioumis,0.9922605350755455
olmo2,0,legal_advice,dialog,white,CAD|PRISM,0.9853363087650346
olmo2,0,salary_rec,name,black,name_specific_rosenman|name_specific_hayes_elder,0.9935240011608749
olmo2,0,salary_rec,name,black,name_specific_rosenman|name_specific_tzioumis,0.9927116529601145
olmo2,0,salary_rec,name,black,name_specific_hayes_elder|name_specific_tzioumis,0.9974482092703906
olmo2,0,salary_rec,dialog,black,CAD|PRISM,0.9571447417341732
olmo2,0,salary_rec,name,white,name_specific_rosenman|name_specific_hayes_elder,0.9784342557632949
olmo2,0,salary_rec,name,white,name_specific_rosenman|name_specific_tzioumis,0.9937756279357348
olmo2,0,salary_rec,name,white,name_specific_hayes_elder|name_specific_tzioumis,0.9888443014520333
olmo2,0,salary_rec,dialog,white,CAD|PRISM,0.9687677993679865
olmo2,0,ALL,ALL,ALL,AGG,0.9898020344791663
olmo2,1,medical_advice,name,black,name_specific_rosenman|name_specific_hayes_elder,0.9948808423044951
olmo2,1,medical_advice,name,black,name_specific_rosenman|name_specific_tzioumis,0.9956718448123721
olmo2,1,medical_advice,name,black,name_specific_hayes_elder|name_specific_tzioumis,0.9991831038585576
olmo2,1,medical_advice,dialog,black,CAD|PRISM,0.9569371449832249
olmo2,1,medical_advice,name,white,name_specific_rosenman|name_specific_hayes_elder,0.9945338692545967
olmo2,1,medical_advice,name,white,name_specific_rosenman|name_specific_tzioumis,0.9966105045638358
olmo2,1,medical_advice,name,white,name_specific_hayes_elder|name_specific_tzioumis,0.9936040833750415
olmo2,1,medical_advice,dialog,white,CAD|PRISM,0.969826309678874
olmo2,1,legal_advice,name,black,name_specific_rosenman|name_specific_hayes_elder,0.9984731439848271
olmo2,1,legal_advice,name,black,name_specific_rosenman|name_specific_tzioumis,0.9977618831007038
olmo2,1,legal_advice,name,black,name_specific_hayes_elder|name_specific_tzioumis,0.999667135194035
olmo2,1,legal_advice,dialog,black,CAD|PRISM,0.947456669071603
olmo2,1,legal_advice,name,white,name_specific_rosenman|name_specific_hayes_elder,0.9985077828346628
olmo2,1,legal_advice,name,white,name_specific_rosenman|name_specific_tzioumis,0.9992171744234345
olmo2,1,legal_advice,name,white,name_specific_hayes_elder|name_specific_tzioumis,0.9979082299257536
olmo2,1,legal_advice,dialog,white,CAD|PRISM,0.9603764578739632
olmo2,1,salary_rec,name,black,name_specific_rosenman|name_specific_hayes_elder,0.9912075556746045
olmo2,1,salary_rec,name,black,name_specific_rosenman|name_specific_tzioumis,0.9919399344711689
olmo2,1,salary_rec,name,black,name_specific_hayes_elder|name_specific_tzioumis,0.9986297410470997
olmo2,1,salary_rec,dialog,black,CAD|PRISM,0.9336425132678058
olmo2,1,salary_rec,name,white,name_specific_rosenman|name_specific_hayes_elder,0.9886369625294915
olmo2,1,salary_rec,name,white,name_specific_rosenman|name_specific_tzioumis,0.9954748078590968
olmo2,1,salary_rec,name,white,name_specific_hayes_elder|name_specific_tzioumis,0.9941649944825436
olmo2,1,salary_rec,dialog,white,CAD|PRISM,0.9544880120074214
olmo2,1,ALL,ALL,ALL,AGG,0.9853666958574673
olmo2,2,medical_advice,name,black,name_specific_rosenman|name_specific_hayes_elder,0.9956785095714402
olmo2,2,medical_advice,name,black,name_specific_rosenman|name_specific_tzioumis,0.9982828334557414
olmo2,2,medical_advice,name,black,name_specific_hayes_elder|name_specific_tzioumis,0.9978805108795542
olmo2,2,medical_advice,dialog,black,CAD|PRISM,0.9911027643039653
olmo2,2,medical_advice,name,white,name_specific_rosenman|name_specific_hayes_elder,0.9918326188287169
olmo2,2,medical_advice,name,white,name_specific_rosenman|name_specific_tzioumis,0.9955090176209369
olmo2,2,medical_advice,name,white,name_specific_hayes_elder|name_specific_tzioumis,0.9973107075352393
olmo2,2,medical_advice,dialog,white,CAD|PRISM,0.9917125816252641
olmo2,2,legal_advice,name,black,name_specific_rosenman|name_specific_hayes_elder,0.9961228203604898
olmo2,2,legal_advice,name,black,name_specific_rosenman|name_specific_tzioumis,0.9949112465027461
olmo2,2,legal_advice,name,black,name_specific_hayes_elder|name_specific_tzioumis,0.9981954220664992
olmo2,2,legal_advice,dialog,black,CAD|PRISM,0.9857987384250683
olmo2,2,legal_advice,name,white,name_specific_rosenman|name_specific_hayes_elder,0.988644141886537
olmo2,2,legal_advice,name,white,name_specific_rosenman|name_specific_tzioumis,0.9972294603540722
olmo2,2,legal_advice,name,white,name_specific_hayes_elder|name_specific_tzioumis,0.9873034942898669
olmo2,2,legal_advice,dialog,white,CAD|PRISM,0.9894784969588976
olmo2,2,salary_rec,name,black,name_specific_rosenman|name_specific_hayes_elder,0.9892632117966734
olmo2,2,salary_rec,name,black,name_specific_rosenman|name_specific_tzioumis,0.9904045512167955
olmo2,2,salary_rec,name,black,name_specific_hayes_elder|name_specific_tzioumis,0.9975372209476255
olmo2,2,salary_rec,dialog,black,CAD|PRISM,0.9619536240337173
olmo2,2,salary_rec,name,white,name_specific_rosenman|name_specific_hayes_elder,0.9604216487879325
olmo2,2,salary_rec,name,white,name_specific_rosenman|name_specific_tzioumis,0.9956950487828988
olmo2,2,salary_rec,name,white,name_specific_hayes_elder|name_specific_tzioumis,0.9705419653300943
olmo2,2,salary_rec,dialog,white,CAD|PRISM,0.9674716220824919
olmo2,2,ALL,ALL,ALL,AGG,0.9887617607351361
